comment_original,type,has_docstr,comment_model,model_name,prompt_type,elapsed_s,input_tokens,output_tokens,total_tokens,avg_power_w,energy_joules,energy_wh,rouge1,rouge2,rougeL,judge_score
Is the path user provided or  autogenerated ? if it's user provided this is a PII and we should remove it,security,True,"[
  {
    ""line"": 203,
    ""type"": ""logic"",
    ""comment"": ""The code now logs context for debugging. Consider adding logging for error handling and debugging.""
  }
]",gemma,zero_shot,20.473645043000943,649,53,702,35.04978021978021,717.5967590549756,0.1993324330708265,0.1111111111111111,0.0,0.1111111111111111,0
"The ""False and"" looks like a temporary stopgap. It could thus use an inline comment explaining where to read about  what problem it mitigates and what work is needed to fix it properly. Ideally the explanation would be a link to an issue thread.
Edit: Now seeing the ""True or"" a few lines ahead, it may be better to just set `player_response = False` and mark that as the stopgap, rather than having two bogus conditions.
Anyway, thanks for your great work! :+1:",logic,False,"[
  {
    ""line"": 1914,
    ""type"": ""logic"",
    ""comment"": ""The `False and not player_response` condition is unclear. Consider clarifying the logic or removing it if it's not intended.""
  }
]",gemma,zero_shot,23.750543864000065,701,64,765,35.66811320754719,847.1370872819695,0.2353158575783248,0.2115384615384615,0.0588235294117647,0.1346153846153846,1
"This is really long, and will affect server startup to query time. Do you have quantitative evidence that this is required?",performance,False,"```json
[
  {
    ""line"": 245,
    ""type"": ""logic"",
    ""comment"": ""Increased the delay to allow starter projects to be created. Consider adjusting the delay based on the expected startup time of the starter projects.""
  }
]
```",gemma,zero_shot,18.547842636000496,3143,65,3208,35.75084337349401,663.1010169958679,0.1841947269432966,0.1333333333333333,0.0,0.0888888888888888,1
I wonder if the set comprehension here could have some performance impact for a large number of `instances`. I'm not sure what else could be done instead though.,performance,False,"[
  {
    ""line"": 241,
    ""type"": ""logic"",
    ""comment"": ""The logic of this function is unclear. What is the purpose of the `query.get_children_from_q` function?""
  }
]",gemma,zero_shot,30.27401273599935,737,63,800,34.969111111111175,1058.655315144356,0.2940709208734323,0.125,0.0,0.125,0
Indent problem,style,False,"```json
[
  {
    ""line"": 604,
    ""type"": ""logic"",
    ""comment"": ""The test now checks for invalid sizes, but the error message is unclear. Consider updating the error message to be more informative.""
  }
]
```",gemma,zero_shot,26.5254638309998,796,64,860,35.910338983050856,952.5383978538576,0.2645939994038493,0.0,0.0,0.0,0
Minor suggestion: Consider adding a brief doc comment to the `has_pipelining = True`  line to clarify its purpose for future reference.,documentation,False,"```json
[
  {
    ""line"": 34,
    ""type"": ""logic"",
    ""comment"": ""The `_gen_id` function is used for privilege escalation. Ensure it's robust and handles edge cases like empty strings or invalid input.""
  }
]
```",gemma,zero_shot,13.327860456000051,578,68,646,34.35533333333331,457.8830885860335,0.1271897468294537,0.0909090909090909,0.0,0.0909090909090909,0
Is there a particular reason this `self` is annotated?,style,True,"```json
[
  {
    ""line"": 47,
    ""type"": ""logic"",
    ""comment"": ""The `with_deps` and `with_pre_releases` parameters are not used in the constructor. Consider removing them or updating the logic to use them.""
  }
]
```",gemma,zero_shot,13.054451154001072,774,71,845,36.293275862069,473.7887969600658,0.1316079991555738,0.0,0.0,0.0,0
"`only_tags=self.only_tags` ? not sure why you changed into an empty list. There are several cases `only_tags = 'a', tags ='b'`, that it should not execute or other in which it should force execution `only_tags='a', tags='b, always'`  `always` should be part of flush task unless it is overridden.",logic,False,"```json
[
  {
    ""line"": 308,
    ""type"": ""logic"",
    ""comment"": ""The logic for handling tags is unclear. Consider the implications of skipping tasks based on tags.""
  },
  {
    ""line"": 310,
    ""type"": ""documentation"",
    ""comment"": ""The code is now more complex. Consider updating the docstring to reflect the changes.""
  }
]
```",gemma,zero_shot,16.441109237999626,1645,104,1749,36.400273972602754,598.4608806766765,0.166239133521299,0.144578313253012,0.0,0.0963855421686746,1
Doubling the memory usage seems potentially expensive when stdout/stderr is big. Have you considered using a generator-based streaming approach?,performance,True,"```json
[
  {
    ""line"": 37,
    ""type"": ""logic"",
    ""comment"": ""The code assumes `func` is defined, but it's not clear how it's being used. Consider adding a check for `func` or providing more context.""
  },
  {
    ""line"": 38,
    ""type"": ""style"",
    ""comment"": ""Consider using a more descriptive variable name for `raw`.""
  }
]
```",gemma,zero_shot,28.91108744899975,677,114,791,36.236899224806166,1047.6481623689624,0.2910133784358228,0.1785714285714285,0.074074074074074,0.1785714285714285,0
"We can probably do the dtype conversion there as well, no? That might spare a temporary allocation on the device in some cases.


```suggestion
            sample_weight = xp.asarray(sample_weight, dtype=dtype, device=device)
```",performance,False,"[
  {
    ""line"": 2148,
    ""type"": ""logic"",
    ""comment"": ""The code now checks for a specific dtype. Ensure this is consistent with the intended behavior and handle edge cases.""
  }
]",gemma,zero_shot,31.757908169000075,613,59,672,36.15333333333336,1148.1542400032504,0.3189317333342362,0.1851851851851851,0.0,0.1481481481481481,1
"We can probably call `_is_numpy_namespace(xp)` just once, instead of doing so in every iteration of the optimisation process.

We could initialise the half multinomial loss as follows:

```python
if _is_numpy_namespace(xp):
    loss = HalfMultinomialLoss(n_classes=logits.shape[1])

else:
    loss = partial(_half_multinomial_loss, xp=xp)
```
Then `log_loss` would look like this:

```python
def log_loss(log_beta=0.0):
    log_beta = xp.asarray(log_beta, dtype=dtype_, device=xp_device)
    raw_prediction = xp.exp(log_beta) * logits
    return loss(labels, raw_prediction, sample_weight)
```

The (CUDA) CI passed locally on my machine.",performance,False,"```json
[
  {
    ""line"": 1083,
    ""type"": ""logic"",
    ""comment"": ""The code now uses `xp.exp(log_beta) * logits` which may introduce unexpected behavior. Ensure this is the intended behavior.""
  },
  {
    ""line"": 1104,
    ""type"": ""style"",
    ""comment"": ""Consider using a more descriptive variable name for `raw_prediction`.""
  }
]
```",gemma,zero_shot,38.87159055499978,1051,114,1165,35.36011560693644,1374.5039358502909,0.381806648847303,0.0,0.0,0.0,0
`testing.tensorflow_uses_gpu` --> `testing.tensorflow_uses_gpu()`?,logic,False,"```json
[
  {
    ""line"": 77,
    ""type"": ""documentation"",
    ""comment"": ""The reason for skipping tests is unclear. Provide more context or update the docstring.""
  }
]
```",gemma,zero_shot,28.66643317799935,1013,55,1068,35.614488188976395,1020.9403458379388,0.2835945405105385,0.0909090909090909,0.0,0.0909090909090909,0
"Please add details to the error message, in particular inform users of the workaround (turning off safe mode)",documentation,False,"```json
[
  {
    ""line"": 382,
    ""type"": ""documentation"",
    ""comment"": ""The docstring is unclear about the behavior of the `set_vocabulary` function when loading from a file. Clarify the behavior of the function when loading from a file.""
  },
  {
    ""line"": 383,
    ""type"": ""documentation"",
    ""comment"": ""The docstring is unclear about the behavior of the `set_vocabulary` function when loading from a file. Clarify the behavior of the function when loading from a file.""
  },
  {
    ""line"": 384,
    ""type"": ""documentation"",
    ""comment"": ""The docstring is unclear about the behavior of the `set_vocabulary` function when loading from a file. Clarify the behavior of the function when loading from a file.""
  },
  {
    ""line"": 385,
    ""type"": ""documentation"",
    ""comment"": ""The docstring is unclear about the behavior of the `set_vocabulary` function when loading from a file. Clarify the behavior of the function when",gemma,zero_shot,12.591962797001544,2551,256,2807,36.1375,455.0420555766432,0.1264005709935119,0.0410958904109589,0.0138888888888888,0.0410958904109589,0
Please fix docstring format,documentation,True,"```json
[
  {
    ""line"": 1077,
    ""type"": ""logic"",
    ""comment"": ""The `scale` parameter is not used in the `dot_product_attention` function. Consider removing it if it's not needed.""
  }
]
```",gemma,zero_shot,15.445809906999784,637,69,706,34.452028985507255,532.1394906205917,0.1478165251723865,0.0,0.0,0.0,0
please add comments to explain the logic of the algorithm you implemented,documentation,False,"```json
[
  {
    ""line"": 1046,
    ""type"": ""logic"",
    ""comment"": ""The code assumes `get_ov_output` is available, which might not be true in all contexts.""
  }
]
```",gemma,zero_shot,22.29479674399954,736,62,798,33.59179999999994,748.9223532650825,0.2080339870180785,0.0714285714285714,0.0,0.0714285714285714,0
"it looks not optimal. We have special op for reversing a tensor along required axis. Check
https://docs.openvino.ai/2025/api/ie_python_api/_autosummary/openvino.runtime.opset1.reverse_sequence.html#openvino.runtime.opset1.reverse_sequence",performance,False,"```json
[
  {""line"": 715, ""type"": ""logic"", ""comment"": ""The logic for handling the axis argument is unclear.  Consider adding a docstring to explain the behavior.""},
  {""line"": 716, ""type"": ""style"", ""comment"": ""The code uses a complex loop to handle axis.  Consider using a more concise approach.""}
]
```",gemma,zero_shot,25.52267596300044,1099,90,1189,34.10096491228078,870.34787748179,0.2417632993004972,0.0869565217391304,0.0,0.0869565217391304,1
"Maybe this instead of checking if the `loop` is not None twice?

```suggestion
            if loop is not None:
                if in_loop(loop):
                    close_sockets_and_tasks()
                elif not loop.is_closed():
                    loop.call_soon_threadsafe(close_sockets_and_tasks)
```",logic,False,"[
  {
    ""line"": 385,
    ""type"": ""logic"",
    ""comment"": ""The code now checks if the loop is not None and in_loop(loop). This may lead to unexpected behavior if the loop is not properly managed.""
  }
]",gemma,zero_shot,28.399118858000293,644,65,709,34.14650793650793,969.7307374745392,0.269369649298483,0.4848484848484849,0.3125,0.3636363636363637,1
"The default value of `self._is_distributed` can be `True`, according to the default behavior of the streamer.

By default, if `is_distribued` is `True`, distributed streaming is enabled only for object storage and cuda devices.
The default behavior can be changed using `RUNAI_STREAMER_DIST=0` to disable distributing or  `RUNAI_STREAMER_DIST=1` for forcing distributed streaming in other cases.",logic,False,"```json
[
  {
    ""line"": 30,
    ""type"": ""logic"",
    ""comment"": ""The code now sets a flag, but the logic for how this flag is used is unclear. Consider adding a comment explaining the purpose of this flag.""
  }
]
```",gemma,zero_shot,14.202794797000024,824,68,892,35.824920634920645,508.81399639658974,0.1413372212212749,0.1797752808988764,0.0,0.1123595505617977,1
Why not using zeros anymore?,performance,False,"```json
[
  {
    ""line"": 210,
    ""type"": ""style"",
    ""comment"": ""Consider using a more descriptive variable name like 'lora_intermediate_cache1' for clarity.""
  }
]
```",gemma,zero_shot,14.655526911999914,873,58,931,35.36584615384614,518.3051100733408,0.1439736416870391,0.1111111111111111,0.0,0.1111111111111111,0
Shouldn't `optimized_call` here be non-wrapped function rather than VllmCompiledFunction? Won't it cause an issue in case of a new serialization/deserialization?,logic,False,"```json
[
  {
    ""line"": 389,
    ""type"": ""logic"",
    ""comment"": ""The code now imports a class called `SerializableCallable` which is used for serialization. Ensure this class is used correctly and that the code is properly handling the serialization process.""
  }
]
```",gemma,zero_shot,22.17261253099969,1386,73,1459,33.8910101010101,751.4522352538935,0.2087367320149704,0.1111111111111111,0.0,0.074074074074074,1
great catch ðŸš€,other,False,"```json
[
  {
    ""line"": 272,
    ""type"": ""logic"",
    ""comment"": ""The code now matches the expected behavior, but ensure that the `create_api_key_2` call is always executed.""
  }
]
```",gemma,zero_shot,20.678104651000467,1816,65,1881,33.6125,695.0427925817531,0.1930674423838203,0.0,0.0,0.0,0
"Good thinking adding the `INTERNAL_AWS_SECRET_ACCESS_KEY` ðŸš€ Pre-signed URLs, due to their nature, are pretty tricky and they will only be valid if the secret access key is `test` or the credentials used are ""existing"" in LocalStack and the secret key id can be retrieved from the Access Key ðŸ‘ the fallback to using the default secret key for any access key id was added in #10265",security,True,"```json
[
  {
    ""line"": 168,
    ""type"": ""logic"",
    ""comment"": ""The code now accepts an endpoint_url as a string, but the docstring doesn't reflect this change. Update the docstring to clarify the expected input type.""
  }
]
```",gemma,zero_shot,31.515583169999445,885,73,958,35.20357142857143,1109.461083238159,0.3081836342328219,0.125,0.0,0.125,0
"â— **CRITICAL**: Setting `a = 0.0` and then only overriding it when `self.degrees` is a list means numeric configs never enter the old `random.uniform(-self.degrees, self.degrees)` path. Because the nested `isinstance(..., (list, tuple))` check inside the float branch is impossible, `a` stays 0 for all scalar degrees, effectively disabling random rotation for the default case. Please restore the scalar logic (and add list handling alongside it) so we keep the existing behavior while supporting fixed-angle lists.",logic,False,"```json
[
  {
    ""line"": 1155,
    ""type"": ""logic"",
    ""comment"": ""The code now uses a random rotation angle. Ensure the logic for handling different rotation types is consistent.""
  },
  {
    ""line"": 1156,
    ""type"": ""style"",
    ""comment"": ""Consider using a more descriptive variable name for the rotation angle.""
  }
]
```",gemma,zero_shot,35.308737088998896,1636,103,1739,33.15878980891722,1170.794991552434,0.3252208309867872,0.2385321100917431,0.0373831775700934,0.1651376146788991,1
"Don't `+=` recordsets in loops, use a list of (integer) ids instead",performance,False,"```json
[
  {
    ""line"": 1657,
    ""type"": ""logic"",
    ""comment"": ""The code adds a new line to a list.  This may lead to unexpected behavior if the list is used in a way that depends on the order of elements.  Consider adding a check to ensure the list is not modified in a way that breaks the logic.""
  }
]
```",gemma,zero_shot,16.464935108000645,1866,93,1959,35.33109589041097,581.7242011301649,0.1615900558694902,0.1666666666666666,0.0344827586206896,0.1,0
"alphabetical order of import, no need for the blank line above. Ideally, we want 1 blank line between external and odoo imports.",style,False,"[
  {
    ""line"": 1,
    ""type"": ""documentation"",
    ""comment"": ""The `post_install` tag is not a standard tag in Odoo. Consider removing it.""
  },
  {
    ""line"": 7,
    ""type"": ""style"",
    ""comment"": ""Consistent indentation is recommended for readability.""
  }
]",gemma,zero_shot,31.70720155299932,605,89,694,33.49035460992907,1061.885423698441,0.2949681732495669,0.1428571428571428,0.0,0.0952380952380952,0
"What's the purpose here of assigning the variable to be a deepcopy of itself ðŸ¤”?
Also for this whole test, there is a default orm method called `copy_data` that kinda does what you do with a small caveat. Your approach also captures all the mixin fields, so f.ex hr.employee has the `mail.message` mixin so your approach will show all the mail_message_*?* fields which might or might not be relevant to the update_current_version thingy. 
Also it probably already exists, but if not you should probably add a test that makes sure things change when you want them to change.",performance,True,"```json
[
  {
    ""line"": 608,
    ""type"": ""logic"",
    ""comment"": ""The test is checking for a specific error message. Ensure the error message is consistent with the expected behavior.""
  },
  {
    ""line"": 609,
    ""type"": ""documentation"",
    ""comment"": ""The test is checking for a specific error message. Ensure the error message is consistent with the expected behavior.""
  }
]
```",gemma,zero_shot,58.37968240699957,1476,111,1587,34.15459459459462,1993.9343851722576,0.5538706625478494,0.2097902097902097,0.0,0.1538461538461538,0
ah nice little catch,other,False,"[
  {
    ""line"": 95,
    ""type"": ""logic"",
    ""comment"": ""The logic for handling the `react_header` seems unclear. Consider adding a check to ensure the `react_header` is valid before using it.""
  }
]",gemma,zero_shot,24.55828579900117,820,64,884,33.49633027522937,822.6124521168183,0.2285034589213384,0.0,0.0,0.0,0
Why is the default size bigger than the maximum one?,logic,False,"```json
[
  {
    ""line"": 17,
    ""type"": ""logic"",
    ""comment"": ""The change in batch size may impact performance and memory usage. Consider testing with the new values.""
  }
]
```",gemma,zero_shot,16.098606003000896,776,57,833,34.43194444444444,554.3063075283266,0.153973974313424,0.2222222222222222,0.0,0.2222222222222222,0
this would bring every node into memory. Not ideal tbh for large datasets,performance,False,"[
  {
    ""line"": 235,
    ""type"": ""logic"",
    ""comment"": ""The function is now taking a `from_index_id` and `to_index_id` argument.  Ensure you are handling edge cases for invalid inputs.""
  }
]",gemma,zero_shot,27.5858372040002,599,70,669,34.42894308943091,949.7512191708288,0.263819783103008,0.0555555555555555,0.0,0.0555555555555555,0
Small typo here: without,documentation,False,"[
  {
    ""line"": 167,
    ""type"": ""documentation"",
    ""comment"": ""The new parameter 'get_all' is not documented. Add a brief description of its purpose and any potential implications.""
  }
]",gemma,zero_shot,23.82713989800141,779,60,839,34.21933962264152,815.3489924059021,0.2264858312238617,0.0,0.0,0.0,0
uhhh you've duplicated `self._insert` and `add_index_struct` here,logic,False,"```json
[
  {
    ""line"": 333,
    ""type"": ""logic"",
    ""comment"": ""The code now calls `self._insert` twice.  This may lead to unexpected behavior.""
  }
]
```",gemma,zero_shot,23.84405733800122,794,58,852,34.01820754716979,811.1320912907423,0.2253144698029839,0.1666666666666666,0.0909090909090909,0.1666666666666666,1
"unfortunately, I think `base64` is valid encoded base 64, so this could maybe go wrong (probably very-very rare?). Could this check be a little more explicit about the location? Probably just some more comma/semi-colon splitting

https://developer.mozilla.org/en-US/docs/Web/URI/Reference/Schemes/data",security,False,"[
  {
    ""line"": 657,
    ""type"": ""logic"",
    ""comment"": ""The code checks for a URL but doesn't handle the case where the URL is not a valid URL. Consider adding error handling for invalid URLs.""
  }
]",gemma,zero_shot,35.66824949399961,606,66,672,34.170506329113934,1218.8021450831286,0.3385561514119801,0.1298701298701298,0.0,0.0779220779220779,0
good catch :+1:,other,False,"```json
[
  {
    ""line"": 336,
    ""type"": ""logic"",
    ""comment"": ""The logic for handling stoploss is unclear.  Ensure the stoploss logic is consistent with the strategy's behavior.""
  }
]
```",gemma,zero_shot,16.911675810000816,1858,63,1921,35.62013333333332,602.3961472423368,0.1673322631228713,0.0,0.0,0.0,0
I feel we should just do this inside `create_filter_clauses` so it returns a `ColumnElement[bool]`. It is always used for this purpose.,logic,False,"```json
[
  {
    ""line"": 172,
    ""type"": ""logic"",
    ""comment"": ""The code now filters the select statements based on a boolean expression. Ensure this expression is correctly implemented and handles all possible scenarios.""
  }
]
```",gemma,zero_shot,16.748280235000493,660,64,724,34.697999999999986,581.1318275940469,0.161425507665013,0.0,0.0,0.0,1
"Instead of having to copy here, would it be possible to just change the model declaration from `list` to `Iterable` instead?",performance,False,"[
  {
    ""line"": 244,
    ""type"": ""logic"",
    ""comment"": ""The change may break edge cases if the `asset_aliases_select` query is not designed to handle a list of results.""
  }
]",gemma,zero_shot,12.476201207000486,632,60,692,34.39392857142855,429.10557315634543,0.1191959925434292,0.238095238095238,0.0,0.1428571428571428,0
"I am wondering if there is a better way to resolve MyPy error without coping the result?
Since we add a lot of `list(...)`  in this PR.",performance,False,"[
  {
    ""line"": 626,
    ""type"": ""logic"",
    ""comment"": ""The code now returns a list instead of a scalar.  This may break edge cases where a scalar was expected.""
  }
]",gemma,zero_shot,22.02327926199905,611,59,670,34.43316326530615,758.3311704658444,0.2106475473516234,0.2553191489361702,0.0,0.1702127659574468,1
"this should always be true, no? the remote fallback might not be completely secure or successful (e.g., jinaai makes the huggingface repo private)

if for some reason we do want the remote fallback, then it should supply

```python
self._tokenizer = Tokenizer.from_pretrained(
    ""jinaai/jina-embeddings-v2-base-en"",
    revision=""322d4d7e2f35e84137961a65af894fda0385eb7a"",
)
```",security,True,"```json
[
  {
    ""line"": 46,
    ""type"": ""logic"",
    ""comment"": ""The code is attempting to load a tokenizer model. Ensure the model path is correct and the loading logic handles potential errors.""
  },
  {
    ""line"": 51,
    ""type"": ""style"",
    ""comment"": ""Consider using a more descriptive variable name for clarity.""
  }
]
```",gemma,zero_shot,26.061322347000896,845,101,946,33.92017241379308,884.004547341709,0.2455568187060302,0.1204819277108433,0.0,0.072289156626506,1
"Changes look good, just needs testing",other,False,"```json
[
  {
    ""line"": 141,
    ""type"": ""logic"",
    ""comment"": ""The logic for handling shard identifiers is unclear. Consider adding a comment explaining the purpose of the logic.""
  }
]
```",gemma,zero_shot,22.31980141999884,786,59,845,34.073030303030286,760.5032701412389,0.2112509083725663,0.0,0.0,0.0,0
Can be optimized to avoid nested for loop?,performance,False,"```json
[
  {
    ""line"": 175,
    ""type"": ""logic"",
    ""comment"": ""The `num_generations` parameter is now set to a fixed value. Ensure the code handles this change appropriately, especially in edge cases.""
  },
  {
    ""line"": 187,
    ""type"": ""style"",
    ""comment"": ""The `generate` function is now more readable with the use of `micro_batch_input_ids_no_padding`.""
  }
]
```",gemma,zero_shot,30.13416592099929,1225,125,1350,34.34888059701495,1035.0748671110416,0.2875207964197337,0.0425531914893617,0.0,0.0425531914893617,0
This line is the same as line 24.,style,False,"[
  {
    ""line"": 16,
    ""type"": ""logic"",
    ""comment"": ""The code now includes a duplicate entry. Verify the intent and remove the duplicate.""
  }
]",gemma,zero_shot,22.07070425600068,665,51,716,34.37927083333338,758.7747190994511,0.210770755305403,0.0909090909090909,0.0,0.0909090909090909,1
"If we use the Client to connect to Spaces running Gradio 5 or below, this will make every endpoint public?",security,False,"```json
[
  {
    ""line"": 620,
    ""type"": ""logic"",
    ""comment"": ""The logic for determining endpoint visibility is unclear. Consider adding a comment explaining the decision.""
  }
]
```",gemma,zero_shot,22.12461622599949,1010,56,1066,34.51489795918367,763.6288714264717,0.2121191309517976,0.1142857142857143,0.0,0.1142857142857143,1
Might be good to include the explicit `buttons` parameter in a video component demo as well,documentation,False,"[
  {
    ""line"": 65,
    ""type"": ""style"",
    ""comment"": ""Consider using a more descriptive variable name like 'price_by_rating_data' for clarity.""
  }
]",gemma,zero_shot,13.720228643000157,633,55,688,33.78737704918032,463.5705383620099,0.1287695939894471,0.0666666666666666,0.0,0.0666666666666666,0
"would be safer to do `float()` no?
```suggestion
        return float(payload)
```",security,False,"```json
[
  {
    ""line"": 166,
    ""type"": ""logic"",
    ""comment"": ""The logic for rounding is unclear. Consider adding a docstring explaining the rounding behavior.""
  }
]
```",gemma,zero_shot,15.355339642001129,617,56,673,34.91855072463768,536.1862061832561,0.1489406128286822,0.0,0.0,0.0,0
ðŸ‘,other,True,"```json
[
  {
    ""line"": 1,
    ""type"": ""documentation"",
    ""comment"": ""The default limit changed â€” update the docstring and external documentation so callers understand the new behavior.""
  },
  {
    ""line"": 10,
    ""type"": ""style"",
    ""comment"": ""Consider using a more descriptive variable name like 'connection_config' for clarity.""
  }
]
```",gemma,zero_shot,38.2064919079985,1827,101,1928,35.14129411764709,1342.625569342479,0.3729515470395774,0.0,0.0,0.0,0
"```suggestion
        if (repr_str := getattr(self, ""_repr"", None)) is not None:
            return repr_str
```",logic,False,"```json
[
  {
    ""line"": 303,
    ""type"": ""logic"",
    ""comment"": ""The code checks for a pre-existing _repr, but then uses it if it exists. This could lead to unexpected behavior if the _repr is not set.""
  }
]
```",gemma,zero_shot,19.51883502400051,790,72,862,33.478160919540215,653.4546998954467,0.1815151944154018,0.2439024390243902,0.0512820512820512,0.1951219512195122,1
"This is a breaking change, it will cause existing user code to fail, because `scheduler` is returned unconditionally.

Since `scheduler` is `Optional` in the signature, I suggest we only return it if it was not `None` as an argument, so we won't break anyone's code.",logic,False,"```json
[
  {
    ""line"": 266,
    ""type"": ""logic"",
    ""comment"": ""The code now returns a tuple with the module and optimizers. Ensure the scheduler is properly integrated and used.""
  }
]
```",gemma,zero_shot,21.65130473499994,592,61,653,35.126875,760.5426750132509,0.2112618541703475,0.1818181818181818,0.03125,0.1212121212121212,1
"what's the issue with the current checks?

We cannot easily remove them. MPS marks as available on older intel-based macs as well while not actually accelerating anything.",logic,True,"```json
[
  {
    ""line"": 72,
    ""type"": ""logic"",
    ""comment"": ""Ensure the code handles the case where MPS is disabled, even if the device is ARM-based.""
  }
]
```",gemma,zero_shot,14.697353942998234,699,58,757,34.421060606060614,505.89851082066616,0.1405273641168516,0.1739130434782608,0.0,0.1739130434782608,1
ðŸ˜„ I think this is very very clear now,other,False,"```json
[
  {
    ""line"": 1288,
    ""type"": ""style"",
    ""comment"": ""The diff is a bit confusing. Consider using a more descriptive naming convention for the colormap combination modes.""
  }
]
```",gemma,zero_shot,17.547537985999952,953,61,1014,33.620641025641014,589.9594755111041,0.1638776320864177,0.0769230769230769,0.0,0.0769230769230769,0
"```suggestion
    """"""Split a TTC file into TTF files""""""
```",documentation,True,"[
  {
    ""line"": 1473,
    ""type"": ""logic"",
    ""comment"": ""The change introduces a new function, `_split_ttc`, which may impact the existing logic. Ensure it's properly integrated and tested.""
  }
]",gemma,zero_shot,30.36455048300013,700,65,765,34.57688888888892,1049.9116882117537,0.2916421356143761,0.2068965517241379,0.0,0.1379310344827586,1
Nice!,other,False,"```json
[
  {
    ""line"": 2987,
    ""type"": ""logic"",
    ""comment"": ""The code is now checking for errors in the header message, which may lead to unexpected behavior. Ensure the error messages are correctly targeted to the specific fields.""
  }
]
```",gemma,zero_shot,14.8680945039996,1144,71,1215,35.44757575757576,527.0379063013216,0.1463994184170338,0.0,0.0,0.0,0
"```suggestion
                (_(""Strike-through""), f""{KEYS.MOD} + {KEYS.SHIFT} + x""),
```

White space missing.",style,False,"```json
[
  {
    ""line"": 1347,
    ""type"": ""logic"",
    ""comment"": ""The logic for handling keyboard shortcuts seems to have changed. Ensure the logic is consistent with the provided shortcuts.""
  }
]
```",gemma,zero_shot,29.966475285000342,1547,61,1608,32.68218045112778,979.369752748642,0.2720471535412894,0.0,0.0,0.0,1
"The comment above the setting saying ""with the staticfiles storage updated"" should also be removed, as this is no longer true.",documentation,False,"```json
[
  {
    ""line"": 148,
    ""type"": ""documentation"",
    ""comment"": ""The change to the storage settings should be documented in the docs.  Explain the reasoning for the change and the implications for users.""
  }
]
```",gemma,zero_shot,13.704335030999571,717,65,782,33.48688524590162,458.9154945544723,0.1274765262651311,0.3181818181818182,0.0,0.2272727272727272,1
"I notice the new code is no longer validating the list against `view.get_available_fields`. I think it's important to keep this - if there are private fields that exist on the model but aren't exposed in the API, being able to order by those fields could potentially leak information.

(Also, we should probably be passing [the `db_fields_only` flag](https://github.com/wagtail/wagtail/blob/47fc2008640ece76be97f3d03da224b903a99047/wagtail/api/v2/views.py#L170-L178) here...)",security,True,"```json
[
  {
    ""line"": 78,
    ""type"": ""logic"",
    ""comment"": ""The code now checks for the 'order' parameter. Ensure the logic for handling 'random' ordering is correct and handles edge cases like multiple fields.""
  },
  {
    ""line"": 80,
    ""type"": ""style"",
    ""comment"": ""The code is now more readable with the use of a consistent indentation style.""
  }
]
```",gemma,zero_shot,31.41644643099972,1229,112,1341,34.01535714285713,1068.6416455098945,0.2968449015305262,0.0930232558139534,0.0,0.0930232558139534,0
"```suggestion
                f""Failed to get world size in mm_inputs handling with {e}, fallback to 1.""
```",style,True,"```json
[
  {
    ""line"": 1162,
    ""type"": ""logic"",
    ""comment"": ""The logic for calculating the max new tokens is unclear. Consider adding a comment explaining the rationale.""
  },
  {
    ""line"": 1164,
    ""type"": ""style"",
    ""comment"": ""The code is quite long. Consider breaking it into smaller chunks for better readability.""
  }
]
```",gemma,zero_shot,15.823557984000216,973,106,1079,34.825492957746484,551.0632071382927,0.1530731130939701,0.0,0.0,0.0,0
Why is the length `self.max_num_token` rather than `self.max_bs`?,logic,False,"```json
[
  {
    ""line"": 71,
    ""type"": ""style"",
    ""comment"": ""Consistent spacing throughout the function improves readability.""
  },
  {
    ""line"": 72,
    ""type"": ""documentation"",
    ""comment"": ""The docstring is unclear. Clarify the purpose of the `extend_seq_lens_cpu` variable.""
  }
]
```",gemma,zero_shot,31.46094414000072,2159,98,2257,34.796857142857135,1094.7419788190134,0.3040949941163926,0.1176470588235294,0.0,0.1176470588235294,0
Why are you preferring not to use the `pytest.raises` as a context manager?,logic,False,"```json
[
  {
    ""line"": 142,
    ""type"": ""logic"",
    ""comment"": ""The error is being raised, but the test is not failing. Ensure the test is failing as expected.""
  }
]
```",gemma,zero_shot,15.71699265999996,793,60,853,33.22042857142857,522.1252320191958,0.1450347866719988,0.25,0.0,0.1875,1
"Probably we don't need to lock now, otherwise the job will be unavailable during the export.",security,False,"```json
[
  {
    ""line"": 1134,
    ""type"": ""logic"",
    ""comment"": ""The code now lacks the logic to handle the potential for corrupted dumps. Consider adding a check for corrupted files or a mechanism to handle them.""
  }
]
```",gemma,zero_shot,18.32834150800045,757,68,825,33.80341463414636,619.5605275511745,0.1721001465419929,0.186046511627907,0.0,0.1395348837209302,0
"I think this would be clearer if we left the brackets
```suggestion
    if backend_fw == ""numpy"" or (backend_fw in [""paddle"", ""jax""] and nth > 1):
```",style,False,"```json
[
  {
    ""line"": 239,
    ""type"": ""logic"",
    ""comment"": ""The logic for skipping based on backend is unclear. Consider adding a comment explaining the rationale.""
  }
]
```",gemma,zero_shot,26.048208997000984,1028,57,1085,34.23068965517246,891.6481582494118,0.2476800439581699,0.0,0.0,0.0,0
"why is rng recreated again? `data_10_26` will have overlapping random numbers with `data_3_25`. The previous code would have those two objects with totally different random numbers.

i.e. shouldn't it just be:
```
    rng = np.random.default_rng(3113562111)
    data_3_25 = rng.random((3, 25))
    data_10_26 = rng.random((10, 26))
```",performance,False,"```json
[
  {
    ""line"": 8766,
    ""type"": ""style"",
    ""comment"": ""Consistent use of `rng` for random number generation is preferred.""
  },
  {
    ""line"": 8775,
    ""type"": ""style"",
    ""comment"": ""Consider using a more descriptive variable name for clarity.""
  }
]
```",gemma,zero_shot,30.813343110999995,1290,94,1384,33.58291970802919,1034.8020276326672,0.2874450076757408,0.1052631578947368,0.027027027027027,0.0789473684210526,1
"Possibly?
```suggestion
            mmax = xp.max(f12) if f12.size > 0 else -xp.inf
            ind = xp.nonzero(f12 > break_mult * mmax)
```",performance,False,"```json
[
  {
    ""line"": 556,
    ""type"": ""logic"",
    ""comment"": ""The code now uses a different method to determine the slope at breakpoints. This may affect the interpolation behavior. Ensure the new method is consistent with the original implementation and the intended behavior.""
  }
]
```",gemma,zero_shot,22.9698448550007,1623,76,1699,34.17764705882353,785.0552504501476,0.2180709029028187,0.0,0.0,0.0,1
"This docstring isn't correct. The problem is not only with non-triangular data, but with any data, because the points in the initial simplex become c=1.05 and d=1.05., which are not valid parameters to the triangular distribution.

Additionally, I would suggest a shorter comment. The reason I would suggest that is that the comment's length should be proportional to how complex / hairy the associated code is. Proposed wording:

```suggestion
        # Arbitrary, but c=d=1 fails due to being on edge of bounds
```",documentation,True,"```json
[
  {
    ""line"": 9994,
    ""type"": ""logic"",
    ""comment"": ""The change in the entropy formula is not clear.  Ensure the formula is correct and consistent with the Wikipedia reference.""
  }
]
```",gemma,zero_shot,20.30087419799929,824,63,887,34.25433333333332,695.3929117363335,0.1931646977045371,0.2037037037037037,0.0377358490566037,0.1296296296296296,0
The idiomatic way to write this is `if end is not None`.,style,False,"```json
[
  {
    ""line"": 765,
    ""type"": ""logic"",
    ""comment"": ""The code now handles end points differently. Ensure the logic for handling end points is consistent with the existing behavior.""
  }
]
```",gemma,zero_shot,23.35181791699869,1319,61,1380,33.79586538461545,789.1948948089392,0.2192208041135942,0.1874999999999999,0.0,0.1874999999999999,1
"There should be a space after comma here. I don't know why you have deleted it. Please see PEP 8:
https://peps.python.org/pep-0008/",style,False,"```json
[
  {
    ""line"": 5,
    ""type"": ""style"",
    ""comment"": ""Consistent naming convention for functions is preferred. Consider using `sympy.functions` or `sympy.physics.functions` for clarity.""
  }
]
```",gemma,zero_shot,12.892436367999837,739,65,804,34.34344827586204,442.770721554245,0.1229918670984013,0.0,0.0,0.0,0
Leave the period there.,style,True,"```json
[
  {
    ""line"": 570,
    ""type"": ""style"",
    ""comment"": ""Consistent spacing is good practice. Consider adding a space after the colon in the docstring.""
  }
]
```",gemma,zero_shot,24.640572430000248,984,57,1041,34.28254545454545,844.7415443575029,0.2346504289881952,0.1052631578947368,0.0,0.1052631578947368,0
"The numerics of [pinv] appear to me to be quite different than [lstsq] (which is based on LAPACK's [dgelsd] and friends). I have no intuition if it makes a palpable difference hereâ€”I doubt thou  that the test cases are suited to reveal such problems. 

It might be helpful, to mention the change in the release notes in case somebody's unit tests break. 

[pinv]: https://scipy.github.io/devdocs/reference/generated/scipy.linalg.pinv.html
[lstsq]: https://scipy.github.io/devdocs/reference/generated/scipy.linalg.lstsq.html
[dgelsd]: https://www.netlib.org/lapack/explore-html/d9/d67/group__gelsd_ga0bee7e1b9e7e43f59ecf2419b2759c42.html",performance,False,"```json
[
  {
    ""line"": 115,
    ""type"": ""style"",
    ""comment"": ""The use of `xp` and `array_namespace` is unclear. Consider using a more standard approach.""
  }
]
```",gemma,zero_shot,34.24683001300036,2737,61,2798,33.93796052631582,1162.2675651326542,0.3228521014257373,0.0784313725490196,0.0,0.0392156862745098,0
"lots of manual loops -- ""ok"" for performance?",performance,False,"```json
[
  {
    ""line"": 1561,
    ""type"": ""style"",
    ""comment"": ""The use of `xp_swapaxes` is unclear. Consider using a more descriptive variable name.""
  }
]
```",gemma,zero_shot,25.176137857999493,1182,62,1244,33.86464285714286,852.5809170833465,0.2368280325231518,0.0952380952380952,0.0,0.0952380952380952,0
We can use `return self._media_type or self._infer_media_type_from_url()` here,style,True,"[
  {
    ""line"": 106,
    ""type"": ""logic"",
    ""comment"": ""The `media_type` property is now used to infer the media type, which may lead to unexpected behavior if not handled correctly.""
  },
  {
    ""line"": 108,
    ""type"": ""style"",
    ""comment"": ""Consider using a more descriptive name for the property, like `media_type` or `content_type`.""
  }
]",gemma,zero_shot,24.583814771000107,764,114,878,34.53330275229363,848.9603182932548,0.2358223106370152,0.2692307692307693,0.12,0.1923076923076923,1
"These change are a bit weird and I'm surprised our linter isn't complaining about them. Can you please revert them and keep the `""""""` on the same line as the `(` or `)`?

After that I'll merge :)",style,True,"[
  {
    ""line"": 11,
    ""type"": ""logic"",
    ""comment"": ""The assertion is failing because the code is not checking for the expected output. Ensure the code is checking for the expected output.""
  }
]",gemma,zero_shot,29.82014539299962,691,60,751,34.11285714285711,1017.2503597706246,0.282569544380729,0.1,0.0,0.1,0
the space should be after the comma,style,False,"[
  {
    ""line"": 67,
    ""type"": ""logic"",
    ""comment"": ""The code now assumes the Redis connection is available. Ensure this is the intended behavior and handle potential errors.""
  },
  {
    ""line"": 71,
    ""type"": ""style"",
    ""comment"": ""Consider using a more descriptive variable name like `redis_connection` for clarity.""
  }
]",gemma,zero_shot,30.263905241999964,634,101,735,33.51362962962964,1014.2533114265938,0.2817370309518316,0.1052631578947368,0.0,0.1052631578947368,0
Is it possible to have self._command_executor = None here? Or not having an active database?,logic,False,"```json
[
  {
    ""line"": 51,
    ""type"": ""logic"",
    ""comment"": ""The code now checks the threshold without a database. Ensure the logic is consistent with the intended behavior.""
  },
  {
    ""line"": 58,
    ""type"": ""logic"",
    ""comment"": ""The code now calls _check_threshold() without a database. Ensure the logic is consistent with the intended behavior.""
  },
  {
    ""line"": 61,
    ""type"": ""documentation"",
    ""comment"": ""The code now calls _check_threshold() without a database. Update the docstring to reflect the change.""
  }
]
```",gemma,zero_shot,38.83982454500074,677,161,838,34.83208092485554,1352.8719116586562,0.3757977532385155,0.088235294117647,0.0,0.0588235294117647,1
"Here it's a bit over-engineered ðŸ™‚.

Overall, I think that the existing one is easier to read and gives you info of the final shape.",style,False,"[
  {
    ""line"": 375,
    ""type"": ""logic"",
    ""comment"": ""The flattening operation may lead to unexpected behavior if the shape of the tensor is not properly accounted for.""
  }
]",gemma,zero_shot,24.74996529099917,647,56,703,34.530181818181816,854.6208014918906,0.2373946670810807,0.2666666666666666,0.0465116279069767,0.1777777777777777,1
I think you forgot to add the list of missing parameters in the error message.,logic,False,"```json
[
  {
    ""line"": 108,
    ""type"": ""logic"",
    ""comment"": ""The logic for handling `rope_adjustments` is unclear. Consider adding a docstring to explain the purpose and behavior of this logic.""
  },
  {
    ""line"": 110,
    ""type"": ""style"",
    ""comment"": ""The code is a bit hard to read. Consider using a more descriptive variable name like `adjusted_params`.""
  }
]
```",gemma,zero_shot,46.65956913900118,927,120,1047,34.068647342995206,1589.6284061727335,0.4415634461590926,0.1481481481481481,0.0,0.1481481481481481,0
This is a good thing :-),other,False,"[
  {
    ""line"": 12,
    ""type"": ""style"",
    ""comment"": ""Consistent naming convention for file handling is preferred. Consider using a single import for StringIO.""
  }
]",gemma,zero_shot,26.73701577199972,663,52,715,33.795210084033585,903.58306503485,0.2509952958430139,0.2,0.0,0.2,0
"@sanjaydasgupta Thank you for this contribution. Overall it looks really good; I just want to clarify some points.  Would it be possible for you to print out the contents of the model_weights directory -- for example, it is not clear to me how `MODEL_WEIGHTS_FILE_NAME` helps in the path construction?  Let us re-examine it.  Thank you.",other,False,"```json
[
  {
    ""line"": 65,
    ""type"": ""documentation"",
    ""comment"": ""The change in file name suggests a potential update to the model's configuration. Update the docstring to reflect this change.""
  }
]
```",gemma,zero_shot,14.062008363000132,697,63,760,34.75174603174604,488.6793433272694,0.1357442620353526,0.25,0.0512820512820512,0.1,1
"To be even stricter, can we make `.to_dict()` call `scrub_creds()`?

I imagine that any callers of `confict_obj.to_dict()` can do without rendered credentials. Consumers of credentials via config_obj should use the backend object directly, or via something like `config_obj.backend.credentials`.",security,False,"[
  {
    ""line"": 538,
    ""type"": ""logic"",
    ""comment"": ""Ensure the code handles the case where the config object is not valid.""
  },
  {
    ""line"": 540,
    ""type"": ""style"",
    ""comment"": ""Consider using a more descriptive variable name for clarity.""
  }
]",gemma,zero_shot,26.671836216000884,598,90,688,34.08857142857145,909.204793980305,0.2525568872167513,0.1159420289855072,0.0,0.0579710144927536,0
Nit: `dict` is now preferred for typing since we no longer support python 3.8.,style,False,"```json
[
  {
    ""line"": 622,
    ""type"": ""style"",
    ""comment"": ""Use a consistent type for the dictionary key. Consider using a type hint for clarity.""
  }
]
```",gemma,zero_shot,23.39018920199851,1365,56,1421,34.26576923076922,801.4828254597111,0.2226341181832531,0.1333333333333333,0.0,0.1333333333333333,1
"I am wondering about something, but if `hidden_states` is already a tensor, why are we looping on the tensor to extract normalized vectors? Why not directly computing the layer norm on the right axis (e.g. -1)?",performance,True,"```json
[
  {
    ""line"": 78,
    ""type"": ""logic"",
    ""comment"": ""The code now checks for a freeze flag. Ensure the logic for handling frozen layers is consistent with the rest of the code.""
  },
  {
    ""line"": 85,
    ""type"": ""style"",
    ""comment"": ""Consistent indentation for the code block would improve readability.""
  }
]
```",gemma,zero_shot,25.56871252000019,1080,102,1182,33.78456140350875,863.8277381406093,0.2399521494835025,0.1714285714285714,0.0,0.1142857142857142,0
"I'm not sure this is a valid description of the parameters, as we're always adding a dictionary.",documentation,True,"```json
[
  {
    ""line"": 238,
    ""type"": ""logic"",
    ""comment"": ""The `_get_feed_dict` method is called within the `_get_catalog` method. Ensure that the `feed_dict` is properly handled and validated before being added to the catalog.""
  }
]
```",gemma,zero_shot,24.78798698500032,825,81,906,33.82836363636364,838.5370375420399,0.2329269548727888,0.1702127659574468,0.0,0.1276595744680851,1
"```suggestion
def register_pipelines() -> dict[str, Pipeline]:
```

The type is still `Pipeline`.",style,False,"```json
[
  {
    ""line"": 2,
    ""type"": ""logic"",
    ""comment"": ""The change in the function signature may break existing code that relies on the previous version. Ensure the new version is compatible.""
  }
]
```",gemma,zero_shot,28.83519737999996,649,61,710,34.02562499999998,981.1356128528604,0.2725376702369056,0.0,0.0,0.0,1
@fsbraun Is the second `placeholder` inside the `select_related` redundant?,performance,False,"[
  {
    ""line"": 321,
    ""type"": ""logic"",
    ""comment"": ""The code now retrieves a related object instead of a single object. Ensure this is the intended behavior and handle potential errors.""
  }
]",gemma,zero_shot,13.618038950000482,617,60,677,34.68885245901639,472.3941439177052,0.1312205955326958,0.25,0.0666666666666666,0.125,1
"I don't really like this change. 
It's kind of we allow to add something without validation. 
We have no control of `~/.docker/config.json` entries there why we may be forced to review some false positive issues related to user environment.

I may need a bit more context, sound like user looking for a proxy config during the build process, and I may be mistaken here but the issue happen when we run Docker-out-of-Docker configuration using `build.py` and user is behind the proxy.

I suppose it's better to add a flag for users `--use-user-docker-config` and add value accordingly if flag is given.",security,False,"```json
[
  {
    ""line"": 1772,
    ""type"": ""style"",
    ""comment"": ""Adding a comment to the code to explain the purpose of the added line.""
  }
]
```",gemma,zero_shot,24.029272359999595,2080,55,2135,33.8527102803738,813.4559954512603,0.2259599987364612,0.1111111111111111,0.0,0.0793650793650793,0
"lot of tests, thanks! Looks like AI written tests lol, but if you did it all manually, good on you sir",other,False,"[
  {
    ""line"": 314,
    ""type"": ""logic"",
    ""comment"": ""The code is testing the traversal of a tree structure. Ensure the test cases cover all possible scenarios, including empty trees and trees with multiple levels.""
  },
  {
    ""line"": 315,
    ""type"": ""logic"",
    ""comment"": ""The test cases are not clear about the expected behavior for empty trees. Consider adding a test case for an empty tree.""
  }
]",gemma,zero_shot,24.46946087499964,736,117,853,34.74376146788995,850.1611118888532,0.2361558644135703,0.1159420289855072,0.0,0.0869565217391304,0
"The `can_filter_classes` check doesn't make sense here. We should either decide to raise an exception if the user tries to set `filter_classes` when `can_filter_classes == False`, or we should just let the setter work in all cases. With this proposal, it can be called but its behavior changes in a confusing way depending on `can_filter_classes=True/False`.",logic,False,"[
  {
    ""line"": 850,
    ""type"": ""logic"",
    ""comment"": ""The code now allows filtering even if the value is the same as the classes. Consider adding a check for this edge case.""
  }
]",gemma,zero_shot,26.86744198299857,592,61,653,34.04386554621849,914.6715824400292,0.2540754395666748,0.2298850574712644,0.0235294117647058,0.1379310344827586,1
"since _id is usually ObjectId and id is a string, are we saying self.id is either?",logic,False,"```json
[
  {
    ""line"": 95,
    ""type"": ""logic"",
    ""comment"": ""The code now uses a potentially incorrect way to handle the id field. Consider using the original id field or a more robust approach.""
  }
]
```",gemma,zero_shot,21.41120317100104,1187,64,1251,34.96452631578949,748.632576725181,0.2079534935347725,0.1463414634146341,0.0,0.1463414634146341,1
This `if TYPE_CHECKING` can now be removed.,style,False,"```json
[
  {
    ""line"": 1,
    ""type"": ""documentation"",
    ""comment"": ""The type hints are inconsistent.  Ensure consistency with the rest of the codebase.""
  },
  {
    ""line"": 19,
    ""type"": ""style"",
    ""comment"": ""Consider using a more descriptive variable name for 'candidates' to improve readability.""
  }
]
```",gemma,zero_shot,43.0239423160001,658,98,756,33.37083769633512,1435.744996083724,0.3988180544677011,0.0606060606060606,0.0,0.0606060606060606,0
"What if the value is incorrectly formatted? This will raise a ValueError. We shouldn't fail on invalid metadata, as there's a lot of legacy packages around that don't necessarily conform to the latest standards.",logic,False,"```json
[
  {
    ""line"": 94,
    ""type"": ""logic"",
    ""comment"": ""The logic for handling 'direct_url' and 'project_url' is unclear. Consider adding checks for null values and edge cases.""
  },
  {
    ""line"": 98,
    ""type"": ""style"",
    ""comment"": ""The code is a bit verbose. Consider using a more concise approach to handle the 'project_url' dictionary.""
  }
]
```",gemma,zero_shot,30.370180617001097,893,118,1011,34.28718518518523,1041.3080069226396,0.2892522241451777,0.1866666666666666,0.0,0.1866666666666666,0
"Personally, I always insist that a `type: ignore` is accompanied by a comment (and normally that is only allowed when there is a bug with the hints and/or `mypy`).

Might be a good idea here too, as it would be easy for this to miss a real problem in the future.",documentation,False,"```json
[
  {
    ""line"": 125,
    ""type"": ""documentation"",
    ""comment"": ""The `metadata` argument is now passed as `InMemoryMetadata` instead of `metadata_dict`. Update the docstring to reflect this change.""
  }
]
```",gemma,zero_shot,14.269783891999396,601,68,669,35.56078125000001,507.4446634681643,0.1409568509633789,0.1690140845070422,0.0,0.0845070422535211,0
This change breaks the indentation,style,False,"[
  {
    ""line"": 568,
    ""type"": ""logic"",
    ""comment"": ""The code now includes nodes that are not in the to_remove_set.  Ensure this is intentional and handle edge cases where this might lead to unexpected behavior.""
  }
]",gemma,zero_shot,27.77249800500067,614,69,683,34.860569105691106,968.1650859409942,0.2689347460947206,0.1212121212121212,0.0,0.0606060606060606,0
"Thanks, looks great now bar one small nitpick: it is not very meaningful to compare instances of `BytesIO` this way. Maybe asserting `assert resp.stream is stream` would be more precise?",other,False,"```json
[
  {
    ""line"": 81,
    ""type"": ""logic"",
    ""comment"": ""The code asserts that the static media types are correctly set, but the test is not verifying if the response is actually set to the correct mime type.""
  },
  {
    ""line"": 84,
    ""type"": ""logic"",
    ""comment"": ""The test is not verifying if the response is actually set to the correct mime type.""
  }
]
```",gemma,zero_shot,34.71823570899869,882,114,996,34.28519480519479,1190.3214745756902,0.3306448540488028,0.1333333333333333,0.0273972602739726,0.1066666666666666,0
Doesn't this change when this is executed?,logic,True,"```json
[
  {
    ""line"": 672,
    ""type"": ""logic"",
    ""comment"": ""The logic for checking if a blank page should be inserted is unclear. Consider adding a check for the case where both width and height are None.""
  }
]
```",gemma,zero_shot,14.389169300000503,596,68,664,34.010312499999976,489.38014450842303,0.1359389290301175,0.0571428571428571,0.0,0.0571428571428571,0
"There are two issues here:

* We always return `None` - why does this check trigger at all?
* If this is a valid case, we should have a test for it as well.",logic,False,"```json
[
  {
    ""line"": 3106,
    ""type"": ""logic"",
    ""comment"": ""The code now returns None if no item is found.  Consider adding a check for this case to ensure the function handles all scenarios.""
  }
]
```",gemma,zero_shot,14.973705030999554,556,67,623,33.79000000000001,505.9614929974752,0.1405448591659653,0.3636363636363636,0.0377358490566037,0.2181818181818181,1
"```suggestion
            for i in range(1, min(max_tail_cut_off_bytes + 1, len(data))):
```",performance,False,"```json
[
  {
    ""line"": 95,
    ""type"": ""logic"",
    ""comment"": ""The code now attempts to handle a specific edge case related to potential data corruption. Ensure this edge case is thoroughly tested and documented.""
  },
  {
    ""line"": 98,
    ""type"": ""style"",
    ""comment"": ""Consider using a more descriptive variable name for clarity.""
  }
]
```",gemma,zero_shot,31.2971435749987,1054,103,1157,34.73079136690648,1086.9745638833974,0.3019373788564993,0.0833333333333333,0.0,0.0416666666666666,1
might remove `print`,style,False,"```json
[
  {
    ""line"": 1,
    ""type"": ""documentation"",
    ""comment"": ""The code downloads a pretrained model.  Clarify the purpose of this model and how it's used in the test.""
  },
  {
    ""line"": 10,
    ""type"": ""style"",
    ""comment"": ""Consider using a more descriptive variable name for the downloaded model path.""
  }
]
```",gemma,zero_shot,49.11998636700082,1082,104,1186,34.73077981651379,1705.9754311024644,0.473882064195129,0.0,0.0,0.0,0
"Please add a docstring to introduce this dataset, including a reference (paper link or website link).",documentation,False,"```json
[
  {
    ""line"": 1,
    ""type"": ""documentation"",
    ""comment"": ""The default limit changed â€” update the docstring and external documentation so callers understand the new behavior.""
  }
]
```",gemma,zero_shot,24.68504708500041,779,56,835,34.426727272727256,849.8253837097399,0.2360626065860388,0.0625,0.0,0.0625,1
"please remove the comment that it has been moved, instead add a reference to the original issue that describes why it was skipped",documentation,False,"[
  {
    ""line"": 219,
    ""type"": ""documentation"",
    ""comment"": ""The `tests:core` flag is now used for CI and test triggers. Update the docstring to reflect this change.""
  }
]",gemma,zero_shot,19.24139100799948,703,61,764,35.4213953488372,681.5569179559108,0.1893213660988641,0.1428571428571428,0.0,0.0952380952380952,0
what is this line doing? Is it overwriting the local `torch` installation? Seems dangerous. Is this an official or recommended way to interact with the backend?,logic,True,"```json
[
  {
    ""line"": 390,
    ""type"": ""logic"",
    ""comment"": ""The code now checks for macOS and imports torch. This may break existing tests that rely on the previous behavior.""
  }
]
```",gemma,zero_shot,15.362186618000123,923,61,984,33.72318840579712,518.0619136438333,0.143906087123287,0.1739130434782608,0.0,0.1739130434782608,1
please add this to the docstring,documentation,False,"```json
[
  {
    ""line"": 104,
    ""type"": ""documentation"",
    ""comment"": ""The addition of `class_weight` suggests a change in how the model handles class weights. Clarify the purpose and update the docstring accordingly.""
  }
]
```",gemma,zero_shot,13.305371091999405,645,69,714,35.067288135593216,466.5832818341357,0.1296064671761488,0.1379310344827586,0.074074074074074,0.1379310344827586,1
"Using a `set()` might change the order of the columns, that is not desired",logic,False,"```json
[
  {
    ""line"": 1018,
    ""type"": ""style"",
    ""comment"": ""Consider using a more descriptive variable name for `value_cols`.""
  },
  {
    ""line"": 1024,
    ""type"": ""documentation"",
    ""comment"": ""The docstring is missing information about the purpose of `value_cols`.""
  }
]
```",gemma,zero_shot,14.504220717000862,797,101,898,32.648615384615354,473.5427236429311,0.1315396454563697,0.3428571428571428,0.0606060606060606,0.2285714285714285,0
Looks good! Please add an inspected key for version,other,False,"```json
[
  {
    ""line"": 1,
    ""type"": ""documentation"",
    ""comment"": ""The `CheckCategories` enum is used for defining the category of the check. Ensure the category is updated to reflect the change in functionality.""
  }
]
```",gemma,zero_shot,18.38213806299973,548,65,613,33.881951219512224,622.8227051608958,0.1730063069891377,0.0625,0.0,0.0625,0
Why not use self.logger.info?,style,False,"```json
[
  {
    ""line"": 81,
    ""type"": ""style"",
    ""comment"": ""Consider using a logging library for more structured logging.""
  }
]
```",gemma,zero_shot,20.878251201998864,791,48,839,33.69333333333335,703.4578771660154,0.1954049658794487,0.1333333333333333,0.0,0.1333333333333333,1
